{"cameraMode":{"drawMode":0,"name":"Shaded","section":"Shading Mode"},"sceneLighting":true,"audioPlay":false,"sceneViewState":{"m_AlwaysRefresh":false,"showFog":true,"showSkybox":true,"showFlares":true,"showImageEffects":true,"showParticleSystems":true,"showVisualEffectGraphs":true,"m_FxEnabled":true},"in2DMode":false,"pivot":{"x":2.167081356048584,"y":-8.786808967590332,"z":31.797243118286134},"rotation":{"x":0.12576934695243836,"y":0.49538126587867739,"z":-0.07274749875068665,"w":0.8564465045928955},"size":27.32049560546875,"orthographic":false}